	Ligand_name	Ligand_pose	Ligand_occurrence_in_sdf	Interaction	Ligand_Atom	Ligand_X	Ligand_Y	Ligand_Z	Receptor_Residue_Name	Receptor_Number	Receptor_Chain	Receptor_Atom	Receptor_X	Receptor_Y	Receptor_Z	Distance
0	5DTO_prot_split.pdb	52	52	HB	11	26.331	140.3	21.5	G	2	B	OP1	25.383	137.825	21.241	2.66297
1	5DTO_prot_split.pdb	52	52	HB	11	26.331	140.3	21.5	G	2	B	OP1	25.383	137.825	21.241	2.66297
2	5DTO_prot_split.pdb	52	52	HB	1	20.699	141.618	18.38	U	3	B	OP1	19.602	140.421	20.743	2.86705
3	5DTO_prot_split.pdb	52	52	HB	1	20.699	141.618	18.38	U	3	B	OP1	19.602	140.421	20.743	2.86705
4	5DTO_prot_split.pdb	56	56	HB	9	28.351	137.335	19.215	G	2	B	OP1	25.383	137.825	21.241	3.62682
5	5DTO_prot_split.pdb	56	56	HB	9	28.351	137.335	19.215	G	2	B	OP1	25.383	137.825	21.241	3.62682
6	5DTO_prot_split.pdb	106	106	HB	9	15.746	133.034	21.371	G	2	B	N2	16.549	131.542	23.313	2.57725
7	5DTO_prot_split.pdb	106	106	HB	9	15.746	133.034	21.371	G	2	B	N3	18.371	132.695	22.493	2.87479
8	5DTO_prot_split.pdb	106	106	HB	9	15.746	133.034	21.371	U	3	B	O4'	16.732	136.59	22.415	3.83501
9	5DTO_prot_split.pdb	141	141	HB	8	25.402	134.598	15.986	A	1	B	O2'	24.873	133.345	19.535	3.80069
10	5DTO_prot_split.pdb	145	145	HB	6	25.967	129.169	26.978	A	1	B	OP1	26.053	131.891	26.036	2.88167
11	5DTO_prot_split.pdb	145	145	HB	1	26.125	127.366	24.655	A	1	B	N7	23.945	129.925	24.198	3.3926
12	5DTO_prot_split.pdb	145	145	HB	1	26.125	127.366	24.655	A	1	B	N7	23.945	129.925	24.198	3.3926
13	5DTO_prot_split.pdb	145	145	HB	6	25.967	129.169	26.978	A	1	B	N7	23.945	129.925	24.198	3.51972
14	5DTO_prot_split.pdb	175	175	HB	9	26.75	132.356	18.525	A	1	B	O4'	26.509	131.921	21.791	3.30364
15	5DTO_prot_split.pdb	175	175	HB	9	26.75	132.356	18.525	A	1	B	O4'	26.509	131.921	21.791	3.30364
16	5DTO_prot_split.pdb	175	175	HB	9	26.75	132.356	18.525	A	1	B	O2'	24.873	133.345	19.535	2.34976
17	5DTO_prot_split.pdb	175	175	HB	9	26.75	132.356	18.525	A	1	B	O2'	24.873	133.345	19.535	2.34976
18	5DTO_prot_split.pdb	209	209	HB	6	31.331	132.936	24.3	A	1	B	OP2	28.417	131.692	25.037	3.25301
19	5DTO_prot_split.pdb	209	209	Lipophilic	7	30.836	135.233	24.821	A	1	B	C5'	27.631	133.602	23.105	3.9846
