	Ligand_name	Ligand_pose	Ligand_occurrence_in_sdf	Interaction	Ligand_Atom	Ligand_X	Ligand_Y	Ligand_Z	Receptor_Residue_Name	Receptor_Number	Receptor_Chain	Receptor_Atom	Receptor_X	Receptor_Y	Receptor_Z	Distance
0	4II9_prot_split.pdb	202	202	Lipophilic	6	17.738	15.184	21.078	A	10	C	C5'	14.474	16.443	20.875	3.5043
1	4II9_prot_split.pdb	202	202	Lipophilic	6	17.738	15.184	21.078	A	10	C	C4'	13.808	15.09	20.806	3.9405
2	4II9_prot_split.pdb	202	202	Lipophilic	7	17.29	13.526	21.463	A	10	C	C4'	13.808	15.09	20.806	3.8732
3	4II9_prot_split.pdb	202	202	Lipophilic	8	16.64	12.799	19.93	A	10	C	C4'	13.808	15.09	20.806	3.7465
4	4II9_prot_split.pdb	205	205	HB	11	19.44	18.338	23.375	A	10	C	OP1	16.441	17.745	23.649	3.06932
5	4II9_prot_split.pdb	205	205	HB	11	19.44	18.338	23.375	A	10	C	OP1	16.441	17.745	23.649	3.06932
6	4II9_prot_split.pdb	208	208	Lipophilic	8	16.057	10.388	23.298	A	10	C	C4	12.617	11.933	24.169	3.8703
7	4II9_prot_split.pdb	257	257	HB	1	12.898	15.338	16.403	A	10	C	O3'	12.045	14.296	19.506	3.3826
8	4II9_prot_split.pdb	257	257	HB	1	12.898	15.338	16.403	A	10	C	O3'	12.045	14.296	19.506	3.3826
9	4II9_prot_split.pdb	257	257	Lipophilic	5	12.808	17.483	17.607	A	10	C	C5'	14.474	16.443	20.875	3.8127
10	4II9_prot_split.pdb	257	257	Lipophilic	5	12.808	17.483	17.607	A	10	C	C3'	12.28	15.094	20.655	3.9085
11	4II9_prot_split.pdb	259	259	HB	6	18.06	20.103	21.681	A	10	C	OP1	16.441	17.745	23.649	3.47194
12	4II9_prot_split.pdb	259	259	HB	1	18.432	18.889	19.062	A	10	C	OP2	15.569	19.022	21.672	3.87641
13	4II9_prot_split.pdb	259	259	HB	1	18.432	18.889	19.062	A	10	C	OP2	15.569	19.022	21.672	3.87641
14	4II9_prot_split.pdb	259	259	HB	6	18.06	20.103	21.681	A	10	C	OP2	15.569	19.022	21.672	2.71546
15	4II9_prot_split.pdb	264	264	HB	6	17.714	25.953	22.886	C	9	C	O2	15.962	24.209	24.621	3.02014
16	4II9_prot_split.pdb	264	264	HB	6	17.714	25.953	22.886	C	9	C	N3	17.654	23.941	26.12	3.80927
17	4II9_prot_split.pdb	300	300	HB	6	11.613	15.857	30.121	C	8	C	O3'	14.277	18.355	29.941	3.65641
18	4II9_prot_split.pdb	300	300	HB	6	11.613	15.857	30.121	C	9	C	OP1	14.477	16.628	28.134	3.57003
19	4II9_prot_split.pdb	301	301	Lipophilic	8	9.504	14.316	25.456	A	10	C	C8	13.333	13.974	24.62	3.9341
20	4II9_prot_split.pdb	339	339	Lipophilic	7	11.474	6.971	21.89	A	10	C	C2	11.929	9.742	24.431	3.7871
