	Ligand_name	Ligand_pose	Ligand_occurrence_in_sdf	Interaction	Ligand_Atom	Ligand_X	Ligand_Y	Ligand_Z	Receptor_Residue_Name	Receptor_Number	Receptor_Chain	Receptor_Atom	Receptor_X	Receptor_Y	Receptor_Z	Distance
0	5K77_prot_split.pdb	41	41	HB	8	2.163	-26.305	-25.266	G	510	v	OP2	0.903	-24.12	-27.466	3.34691
1	5K77_prot_split.pdb	86	86	HB	8	1.514	-25.338	-29.407	G	510	v	OP3	1.846	-21.867	-28.042	3.7445
2	5K77_prot_split.pdb	86	86	HB	8	1.514	-25.338	-29.407	G	510	v	OP3	1.846	-21.867	-28.042	3.7445
3	5K77_prot_split.pdb	86	86	HB	8	1.514	-25.338	-29.407	G	510	v	OP2	0.903	-24.12	-27.466	2.37157
4	5K77_prot_split.pdb	86	86	HB	8	1.514	-25.338	-29.407	G	510	v	OP2	0.903	-24.12	-27.466	2.37157
5	5K77_prot_split.pdb	198	198	Lipophilic	7	-9.504	-18.532	-24.369	G	510	v	C2	-8.449	-19.396	-28.078	3.9517
6	5K77_prot_split.pdb	201	201	HB	8	-11.62	-19.707	-29.183	G	510	v	O6	-9.254	-22.597	-29.405	3.74157
7	5K77_prot_split.pdb	201	201	HB	8	-11.62	-19.707	-29.183	G	510	v	N1	-9.11	-20.456	-28.648	2.67345
8	5K77_prot_split.pdb	201	201	HB	8	-11.62	-19.707	-29.183	G	510	v	N2	-9.155	-18.264	-27.941	3.11465
9	5K77_prot_split.pdb	205	205	Lipophilic	7	-11.176	-22.529	-26.761	G	510	v	C6	-8.562	-21.713	-28.885	3.4656
10	5K77_prot_split.pdb	226	226	HB	7	-1.972	-25.658	-26.499	G	510	v	OP2	0.903	-24.12	-27.466	3.40091
11	5K77_prot_split.pdb	226	226	HB	7	-1.972	-25.658	-26.499	G	510	v	O5'	-0.576	-22.137	-27.283	3.86793
12	5K77_prot_split.pdb	226	226	Lipophilic	9	-2.17	-25.195	-27.72	G	510	v	C5'	-1.378	-21.728	-26.182	3.8746
13	5K77_prot_split.pdb	226	226	Lipophilic	8	-4.116	-25.782	-26.898	G	510	v	C8	-5.209	-22.332	-27.984	3.7784
14	5K77_prot_split.pdb	227	227	Lipophilic	2	-4.603	-22.949	-22.533	G	510	v	C2'	-4.224	-20.273	-25.463	3.9862
15	5K77_prot_split.pdb	227	227	Lipophilic	7	-6.763	-23.515	-24.938	G	510	v	C8	-5.209	-22.332	-27.984	3.6184
16	5K77_prot_split.pdb	227	227	Lipophilic	7	-6.763	-23.515	-24.938	G	510	v	C5	-7.209	-21.778	-28.46	3.9523
17	5K77_prot_split.pdb	227	227	Lipophilic	8	-8.004	-22.227	-24.928	G	510	v	C5	-7.209	-21.778	-28.46	3.6481
18	5K77_prot_split.pdb	227	227	Lipophilic	8	-8.004	-22.227	-24.928	G	510	v	C4	-6.632	-20.655	-27.903	3.6338
19	5K77_prot_split.pdb	228	228	Lipophilic	9	1.066	-21.028	-23.112	G	510	v	C5'	-1.378	-21.728	-26.182	3.986
