	Ligand_name	Ligand_pose	Ligand_occurrence_in_sdf	Interaction	Ligand_Atom	Ligand_X	Ligand_Y	Ligand_Z	Receptor_Residue_Name	Receptor_Number	Receptor_Chain	Receptor_Atom	Receptor_X	Receptor_Y	Receptor_Z	Distance
0	3IZY_prot_split.pdb	459	459	HB	6	-20.391	-21.273	-21.479	G	1	N	O2'	-18.618	-23.482	-18.966	3.78661
1	3IZY_prot_split.pdb	461	461	HB	1	-19.41	-18.94	-19.398	G	1	N	O4'	-18.656	-20.804	-17.606	2.69338
2	3IZY_prot_split.pdb	461	461	HB	1	-19.41	-18.94	-19.398	G	1	N	O4'	-18.656	-20.804	-17.606	2.69338
3	3IZY_prot_split.pdb	461	461	Lipophilic	2	-20.291	-19.097	-18.275	G	1	N	C5'	-20.896	-20.49	-16.703	2.1858
4	3IZY_prot_split.pdb	461	461	Lipophilic	2	-20.291	-19.097	-18.275	G	1	N	C4'	-19.983	-21.37	-17.536	2.4099
5	3IZY_prot_split.pdb	461	461	Lipophilic	2	-20.291	-19.097	-18.275	G	1	N	C3'	-19.76	-22.771	-16.961	3.9379
6	3IZY_prot_split.pdb	461	461	Lipophilic	2	-20.291	-19.097	-18.275	G	1	N	C1'	-17.697	-21.842	-17.514	3.8527
7	3IZY_prot_split.pdb	462	462	HB	1	-21.829	-18.434	-20.044	U	68	N	OP1	-24.439	-20.559	-19.627	3.3914
8	3IZY_prot_split.pdb	462	462	HB	1	-21.829	-18.434	-20.044	U	68	N	OP1	-24.439	-20.559	-19.627	3.3914
9	3IZY_prot_split.pdb	463	463	HB	1	-23.313	-19.472	-22.921	U	68	N	OP1	-24.439	-20.559	-19.627	3.6469
10	3IZY_prot_split.pdb	463	463	HB	1	-23.313	-19.472	-22.921	U	68	N	OP1	-24.439	-20.559	-19.627	3.6469
11	3IZY_prot_split.pdb	503	503	HB	7	-23.102	-15.208	-17.565	U	68	N	O3'	-23.86	-17.623	-15.51	3.26034
12	3IZY_prot_split.pdb	503	503	Lipophilic	9	-22.268	-15.893	-16.743	U	68	N	C3'	-24.021	-18.934	-14.97	3.9325
13	3IZY_prot_split.pdb	503	503	HB	7	-23.102	-15.208	-17.565	U	69	N	OP1	-22.332	-15.753	-16.13	1.71731
14	3IZY_prot_split.pdb	503	503	Lipophilic	9	-22.268	-15.893	-16.743	U	69	N	C5'	-23.46	-14.969	-13.587	3.4978
15	3IZY_prot_split.pdb	503	503	Pi_Anion	6,8,10,9,7	-21.9474	-15.3286	-17.654	C	70	N	OP1	-20.897	-12.089	-13.946	5.03464
16	3IZY_prot_split.pdb	504	504	HB	9	-15.903	-13.635	-19.046	C	74	N	O2	-14.084	-15.368	-16.479	3.59187
17	3IZY_prot_split.pdb	504	504	HB	9	-15.903	-13.635	-19.046	C	74	N	O2	-14.084	-15.368	-16.479	3.59187
