	Ligand_name	Ligand_pose	Ligand_occurrence_in_sdf	Interaction	Ligand_Atom	Ligand_X	Ligand_Y	Ligand_Z	Receptor_Residue_Name	Receptor_Number	Receptor_Chain	Receptor_Atom	Receptor_X	Receptor_Y	Receptor_Z	Distance
0	3ADL_prot_split.pdb	37	37	HB	1	9.803	-22.208	15.257	C	9	B	O2'	9.266	-25.424	17.024	3.70855
1	3ADL_prot_split.pdb	37	37	HB	1	9.803	-22.208	15.257	C	9	B	O2'	9.266	-25.424	17.024	3.70855
2	3ADL_prot_split.pdb	37	37	HB	7	10.225	-25.339	14.218	C	9	B	O2'	9.266	-25.424	17.024	2.96657
3	3ADL_prot_split.pdb	37	37	Lipophilic	5	11.804	-23.67	15.255	C	9	B	C2'	10.041	-25.645	18.193	3.9548
4	3ADL_prot_split.pdb	37	37	HB	7	10.225	-25.339	14.218	G	10	B	O4'	12.544	-27.013	16.442	3.62301
5	3ADL_prot_split.pdb	37	37	Lipophilic	6	11.394	-24.612	14.169	G	10	B	C4'	12.127	-28.197	15.712	3.9712
6	3ADL_prot_split.pdb	37	37	Lipophilic	9	10.124	-26.079	13.127	G	10	B	C4'	12.127	-28.197	15.712	3.8962
7	3ADL_prot_split.pdb	41	41	Pi_Anion	6,8,10,11,9,7	7.06317	-12.76683	13.91783	C	5	C	OP1	10.397	-10.73	16.624	4.75252
8	3ADL_prot_split.pdb	41	41	Lipophilic	11	7.176	-13.612	15.019	C	5	C	C5'	8.534	-12.72	18.071	3.4575
9	3ADL_prot_split.pdb	59	59	HB	1	9.921	-9.488	14.134	C	5	C	OP1	10.397	-10.73	16.624	2.82298
10	3ADL_prot_split.pdb	59	59	HB	1	9.921	-9.488	14.134	C	5	C	OP1	10.397	-10.73	16.624	2.82298
11	3ADL_prot_split.pdb	59	59	HB	9	4.496	-9.576	18.269	C	5	C	O3'	6.852	-11.022	20.208	3.37659
12	3ADL_prot_split.pdb	59	59	HB	9	4.496	-9.576	18.269	C	5	C	O3'	6.852	-11.022	20.208	3.37659
13	3ADL_prot_split.pdb	59	59	HB	9	4.496	-9.576	18.269	G	6	C	OP1	5.933	-8.782	20.39	2.68217
14	3ADL_prot_split.pdb	59	59	HB	9	4.496	-9.576	18.269	G	6	C	OP1	5.933	-8.782	20.39	2.68217
15	3ADL_prot_split.pdb	60	60	HB	9	17.775	-6.541	15.7	C	1	B	OP1	19.837	-4.452	17.98	3.71674
16	3ADL_prot_split.pdb	60	60	HB	9	17.775	-6.541	15.7	C	1	B	OP1	19.837	-4.452	17.98	3.71674
