	Ligand_name	Ligand_pose	Ligand_occurrence_in_sdf	Interaction	Ligand_Atom	Ligand_X	Ligand_Y	Ligand_Z	Receptor_Residue_Name	Receptor_Number	Receptor_Chain	Receptor_Atom	Receptor_X	Receptor_Y	Receptor_Z	Distance
0	7OG6_prot_split.pdb	61	61	HB	6	137.551	134.246	113.179	U	45	R	O4'	134.872	135.685	115.289	3.70133
1	7OG6_prot_split.pdb	63	63	Lipophilic	5	136.618	134.472	109.695	U	45	R	C4	133.125	134.858	110.786	3.6797
2	7OG6_prot_split.pdb	90	90	HB	6	144.266	129.209	114.535	U	43	R	OP1	141.692	127.275	113.955	3.27143
3	7OG6_prot_split.pdb	92	92	HB	10	139.18	127.9	117.325	U	43	R	OP2	140.718	126.092	115.994	2.72137
4	7OG6_prot_split.pdb	92	92	HB	10	139.18	127.9	117.325	U	43	R	OP2	140.718	126.092	115.994	2.72137
5	7OG6_prot_split.pdb	92	92	HB	10	139.18	127.9	117.325	U	44	R	OP2	137.754	129.019	114.85	3.06778
6	7OG6_prot_split.pdb	92	92	HB	10	139.18	127.9	117.325	U	44	R	OP2	137.754	129.019	114.85	3.06778
7	7OG6_prot_split.pdb	92	92	HB	11	138.416	130.012	116.881	U	44	R	OP2	137.754	129.019	114.85	2.35569
8	7OG6_prot_split.pdb	92	92	HB	11	138.416	130.012	116.881	U	44	R	OP2	137.754	129.019	114.85	2.35569
9	7OG6_prot_split.pdb	92	92	HB	11	138.416	130.012	116.881	U	44	R	O5'	135.448	129.04	115.727	3.32949
10	7OG6_prot_split.pdb	92	92	HB	11	138.416	130.012	116.881	U	44	R	O5'	135.448	129.04	115.727	3.32949
11	7OG6_prot_split.pdb	92	92	Lipophilic	9	139.196	129.198	117.572	U	44	R	C5	137.001	126.985	119.682	3.764
12	7OG6_prot_split.pdb	92	92	Lipophilic	9	139.196	129.198	117.572	U	44	R	C6	136.152	127.8	119.057	3.6641
13	7OG6_prot_split.pdb	93	93	Lipophilic	8	146.986	124.673	117.148	U	42	R	C5'	143.614	122.842	116.51	3.8897
14	7OG6_prot_split.pdb	130	130	Lipophilic	5	138.091	131.274	121.978	U	44	R	C2	135.462	128.83	121.091	3.6975
15	7OG6_prot_split.pdb	163	163	Lipophilic	6	134.447	124.845	122.892	U	44	R	C4	137.134	127.049	121.098	3.911
16	7OG6_prot_split.pdb	166	166	HB	8	131.464	130.411	121.595	U	44	R	O2	134.797	129.631	121.719	3.4253
17	7OG6_prot_split.pdb	166	166	HB	8	131.464	130.411	121.595	U	44	R	O2	134.797	129.631	121.719	3.4253
18	7OG6_prot_split.pdb	166	166	Lipophilic	5	130.796	129.086	119.697	U	44	R	C4'	133.476	129.767	116.921	3.9182
19	7OG6_prot_split.pdb	166	166	Lipophilic	5	130.796	129.086	119.697	U	44	R	C1'	134.45	129.608	119.034	3.7502
20	7OG6_prot_split.pdb	167	167	Lipophilic	8	133.582	124.855	117.35	U	43	R	C2'	135.441	125.442	113.955	3.9149
21	7OG6_prot_split.pdb	167	167	Lipophilic	8	133.582	124.855	117.35	U	43	R	C2	135.736	122.417	115.342	3.823
